review_score,orders
0.0,768
1.0,11316
1.5,8
2.0,3125
2.5,34
3.0,8136
3.333333333333333,1
3.5,25
4.0,19018
4.333333333333333,1
4.5,54
5.0,56955
